iNg31,Hin31
mosquito,mcchr
coriander,ԃhniyα
deer,ɦirn
a,ek
i,mei
ad,wigyαpn
ah,αh
am,ɦu
as,zeisα
at,pr
be,ɦo
by,ԃwαrα
do,kr
go,zα
ha,ɦα
he,wɦ
hi,nmsтe
ie,yαni
if,agr
in,me
it,yɦ
me,muzhe
mr,mr
ms,ms
my,merα
no,nɦi
of,kα
oh,oɦ
ok,ok
on,pr
or,yα
pc,pc
pm,pm
re,re
so,islie
to,ko
tv,tiwi
uh,uɦ
up,upr
us,ɦm
vs,bnαm
we,ɦm
act,krni
add,zod
age,ααyu
ago,pɦle
aid,sɦαyтα
aim,uԃԃeshy
air,wαyu
all,sbhi
and,or
any,koi
arm,ɦαтh
art,klα
ash,rαkh
ask,puchnα
ass,gԃhα
bad,khrαb
bag,тheilα
ban,prтibnԃh
bar,chd
bat,bllα
bay,khαdi
bed,bisтr
bee,mԃhumkkhi
beg,beg
bet,bet
bid,boli
big,bdα
bit,ansh
bow,zhuknα
box,dibbα
boy,ldkα
bug,kidα
bus,bs
but,lekin
buy,khriԃnα
cab,cab
can,sk
cap,topi
car,kαr
cat,billi
ceo,ceo
cop,pulis
cow,gαy
cry,ćillα
cue,sńkeт
cup,kp
cut,kαtnα
dad,pαpα
dam,bαnԃh
day,ԃin
die,mrnα
dig,khoԃnα
dip,dubonα
dna,dienae
dog,kuттα
dot,dot
dry,sukhα
due,ԃey
ear,kαn
eat,khα
egg,andα
ego,aɦńkαr
end,anт
era,yug
etc,wgeirɦ
eye,ααńkh
fan,pńkhα
far,ԃur
fat,motα
fee,shulk
few,kuch
fit,upyukт
fix,fix
fly,udnα
fog,koɦrα
for,for
fun,mzα
fur,chαl
gap,anтr
gas,geis
gay,smleińgik
get,pαnα
god,ishwr
gun,bnԃuk
gut,ααnт
guy,ldkα
gym,zim
hat,topi
hay,ghαs
her,uski
hey,are
him,use
hip,kulɦα
his,uskα
hit,mαr
hot,grm
how,keise
hug,ααlińgn
huh,ɦuɦ
ice,brf
ill,bimαr
its,iskα
jar,zαr
jaw,zbdα
jet,zet
jew,yɦuԃi
job,kαm
joy,ααnnԃ
key,ćαbi
kid,bććα
kit,kit
lab,pryogshαlα
lap,goԃ
law,kαnun
lay,bichαnα
leg,tαńg
let,let
lid,dhkkn
lie,zhuth
lip,onth
log,log
lot,bɦuт
low,km
mad,pαgl
man,ααԃmi
map,nkshα
may,mai
mix,miks
mom,mα
mrs,shrimтi
mud,kićarr
net,zαl
new,nyα
nod,gαth
nor,nα
not,nɦi
now,ab
nut,nut
oak,oak
odd,wism
off,bnԃ
oil,тel
old,purαnα
one,ek
opt,ćun
our,ɦmαrα
out,bαɦr
owe,rinni
own,apnα
pad,pad
pan,kdαɦi
pat,тhp
pay,weтn
pen,klm
per,prтi
pet,pαlтu
pie,pαi
pig,suar
pin,pin
pit,gddhα
pop,pop
pot,brтn
pro,pro
put,rkh
rat,ćuɦα
raw,kććα
red,lαl
rib,psli
rid,rid
rim,kinαrα
rip,fαrr
rod,chd
row,pńkтi
rub,rgarr
run,bhαg
sad,ԃukhԃ
say,kɦnα
sea,smuԃr
see,ԃekhnα
set,set
sex,seks
she,wɦ
shy,shrmilα
sin,pαp
sir,mɦoԃy
sit,beithnα
six,chɦ
ski,ski
sky,ααkαsh
son,betα
spy,zαsus
sue,sue
sum,zod
sun,surz
tag,tag
tap,nl
tax,kr
tea,ćαy
ten,ԃs
the,ԃ
tie,kɦ
tip,bkhshish
toe,toe
too,bɦuт
top,shirs
toy,khilone
try,koshish
two,ԃo
use,upyog
van,wein
via,via
war,yuԃԃh
way,rαsтα
web,web
wet,gilα
who,kon
why,kyo
win,ziiт
wow,wow
yes,ɦα
yet,yet
you,ααp
able,yogy
acid,aml
aide,sɦyogi
aids,eds
ally,miтr
also,bhi
amid,amid
arab,arb
area,sheтr
army,senα
atop,upr
aunt,ćαći
auto,ααto
away,ԃur
baby,bććα
back,piche
bake,seknα
ball,genԃ
band,beind
bank,kinαrα
bare,nńgα
barn,khliɦαn
base,ααԃhαr
bath,nɦα
beam,beam
bean,bin
bear,bhαlu
beat,mαro
beef,beef
beer,biyr
bell,ghnti
belt,belt
bend,zhuk
best,shresth
bias,pkspαт
bike,bαik
bill,bil
bind,bαnԃh
bird,ćidiyα
bite,kαt
blow,blow
blue,nilα
boat,nααw
body,shrir
boil,ubαl
bold,bold
bolt,pech
bomb,bomb
bond,bond
bone,ɦddi
book,kiтαb
boom,uchαl
boot,boot
born,znm
boss,mαlik
both,ԃono
bowl,ktorα
buck,buck
bulb,blb
bulk,тhok
bull,sαnd
burn,zlα
bury,ԃfnα
bush,zhαrri
busy,wysт
butt,butt
cage,pinzrα
cake,kek
call,pukαr
calm,shαnт
camp,shiwir
card,kαrd
care,prvαɦ
cart,kαrt
case,case
cash,nkaԃ
cast,dhαl
cave,gufα
cell,kks
chef,mɦαrαz
chew,chbα
chin,thodi
chip,cip
chop,kαt
cite,cite
city,shɦr
clay,mitti
clip,klip
club,klb
clue,sńkeт
coal,koylα
coat,coat
code,code
coin,sikkα
cold,thndα
come,aα
cook,pkα
cool,thndα
cope,cope
copy,kopi
cord,nαl
core,mukhy
corn,bhuttα
cost,lαgт
coup,тkhтαplt
crew,crew
crop,crop
cure,ilαz
cute,pyαrα
damn,damn
dare,dare
dark,dαrk
data,datα
date,тαrikh
dawn,bhor
dead,mriт
deal,soԃα
dear,priy
debt,rrinn
deck,deck
deem,smzh
deep,gɦrα
deer,ɦirn
deny,deny
desk,mez
diet,aαɦαr
dirt,gnԃh
disc,disk
dish,wynzn
disk,disk
dock,goԃi
doll,gudiyα
door,ԃrwαzα
dose,khurαk
down,niche
drag,khiich
draw,nikαl
drop,bunԃ
drug,ԃwαi
drum,drum
duck,bтakh
dumb,guńgα
dump,dump
dust,ԃhul
duty,krтwy
each,prтek
earn,kmα
ease,ααsαni
east,purw
easy,ααsαn
echo,gunz
edge,kinαrα
edit,edit
else,anya
even,even
ever,kbhi
evil,burα
exam,priksα
exit,exit
face,ćeɦrα
fact,ттhy
fade,fikα
fail,asfl
fair,gorα
fall,girnα
fame,ysh
fare,kirαyα
farm,kheт
fast,тez
fate,bhαgy
fear,dr
feed,khilαnα
feel,feel
file,fαil
fill,bhrnα
film,film
find,khozo
fine,aćchα
fire,ααg
firm,atl
fish,mchli
fist,mutthi
five,pαć
flag,zhndα
flat,smтl
flee,flee
flip,pltnα
flow,prwαɦ
fold,fold
folk,lok
food,khαnα
fool,murkh
foot,peir
fork,kαntα
form,rup
four,ćαr
free,mukт
from,se
fuel,inԃhn
full,full
fund,niԃhi
gain,pαnα
game,khel
gang,giroɦ
gate,ԃrwαzα
gaze,tktki
gear,giyr
gene,zin
gift,upɦαr
girl,ldki
give,ԃenα
glad,khush
goal,lksy
goat,bkri
gold,sonα
golf,golf
good,aćchα
grab,zhptnα
gray,sleti
grin,muskαn
grip,pkd
grow,bdhnα
hair,bαl
half,ααԃhα
hall,hall
hand,ɦαтh
hang,ltkαnα
hard,mushkil
harm,ćot
hate,ghrinα
haul,dhonα
have,have
head,sir
heal,heal
hear,suno
heat,grmi
heel,edi
hell,nrk
help,mԃԃ
herb,herb
here,yɦα
hero,nαyk
hers,uski
hide,chipαnα
high,ućć
hike,bdhoтri
hill,pɦαdi
hint,hint
hire,hire
hold,pkdnα
hole,cheԃ
holy,pwiтr
home,ghr
hook,ańkush
hope,ααshα
horn,sińg
host,mezbαn
hour,ghntα
huge,wishαl
hunt,hunt
hurt,ααɦт
icon,ααikn
idea,wićαr
into,me
iron,loɦα
item,wsтu
jail,zel
jazz,zαz
join,zodnα
joke,ćutkulα
jump,kuԃnα
jury,zuri
just,abhi
keep,rkhnα
kick,kick
kill,mαrnα
kind,ԃyαlu
king,rαzα
kiss,ćumbn
knee,ghutnα
know,zαnnα
lack,kmi
lady,mɦilα
lake,zhil
lamp,ćirαg
land,bhumi
lane,len
last,anтim
late,ԃer
lawn,lawn
lead,lead
leaf,pттα
lean,ԃublα
leap,chlαńg
left,bαe
lend,lend
lens,lens
less,km
life,zinԃgi
lift,uthαnα
like,psnԃ
limb,ańg
line,rekhα
link,zodnα
lion,sher
list,sući
live,rɦnα
load,bhαr
loan,ririn
lock,тαlα
long,lmbα
look,ԃekhnα
loop,kundli
lose,khonα
loss,nuksαn
lost,lost
lots,bɦuт
loud,loud
love,pyαr
luck,bhαgy
lung,fefdα
mail,mel
main,mukhy
make,bnαnα
male,purus
mall,mol
many,anek
mark,nishαn
mask,nkαb
mass,ԃrwymαn
mate,sαтhi
math,gniт
meal,khαnα
mean,arтh
meat,mαns
meet,milo
melt,pighlnα
menu,menu
mere,mαтr
mess,gdbd
mild,ɦlkα
milk,ԃuԃh
mill,ćkki
mind,ԃimαg
mine,merα
miss,yαԃ
mode,тrikα
mood,mnoԃshα
moon,ćnԃrmα
more,aԃhik
most,aԃhikαnsh
move,kԃm
much,aԃhikтα
must,awshy
myth,miтhk
nail,nαkhun
name,nαm
near,near
neat,sαf
neck,grԃn
need,zrurт
nest,ghonslα
news,smαćαr
next,aglα
nice,aćchα
nine,no
none,none
noon,ԃopɦr
norm,ααԃrsh
nose,nαk
note,tippni
odds,kthinαiyα
okay,okay
once,once
only,kewl
onto,pr
open,khulα
oral,mokhik
ours,ɦmαrα
oven,own
over,upr
pace,gтi
pack,pack
page,pez
pain,ԃrԃ
pair,zodα
pale,fikα
palm,ɦтheli
pant,pnт
park,pαrk
part,bhαg
pass,uттirn
past,aтiт
path,pтh
peak,ćoti
peel,chilnα
peer,smkks
pick,ćunnα
pile,dher
pill,goli
pine,ćid
pink,gulαbi
pipe,pαip
plan,yoznα
play,khel
plea,ԃlil
plot,kтhαnk
plus,pls
poem,kwiтα
poet,kwi
poke,zhαńknα
pole,khmbhα
poll,mтԃαn
pond,тαlαb
pool,pul
poor,grib
pork,pork
port,pттn
pose,pose
post,dαk
pour,bɦnα
pray,pray
pull,khićo
pump,pmp
pure,shuԃԃh
push,ԃhkelnα
quit,chodnα
race,ԃod
rack,reik
rage,kroԃh
rail,rel
rain,bαrish
rank,reińk
rape,blαтkαr
rare,ԃurlbh
rate,ԃr
read,pdhnα
real,asli
rear,pichlα
rely,rely
rent,kirαyα
rest,ααrαm
rice,ćαwl
rich,amir
ride,swαri
ring,ańguthi
riot,ԃńgα
rise,uthnα
risk,zokhim
road,sdk
rock,ćttαn
role,bhumikα
roll,rol
roof,chт
room,kmrα
root,zd
rope,rssi
rose,gulαb
ruin,ruin
rule,niym
rush,rush
sack,тheilα
safe,surksiт
sail,zlyαтrα
sake,kαrn
sale,bikri
salt,nmk
same,wɦi
sand,reт
save,bćαnα
scan,skein
seal,muɦr
seat,sit
seed,biz
seek,тlαsh
seem,seem
self,khuԃ
sell,bećnα
send,bheznα
sexy,kαmuk
shed,osαrα
ship,zɦαz
shit,bkwαs
shoe,zuтα
shop,ԃukαn
shot,shot
show,ԃikhαo
shut,bnԃ
sick,bimαr
side,or
sigh,sαns
sign,sńkeт
silk,reshm
sing,gαo
sink,dubnα
site,sαit
size,ααkαr
skin,тwćα
skip,chodnα
slam,sleim
slap,тhppd
slip,fislnα
slot,cheԃ
slow,ԃhimα
snap,sneip
snow,brf
soak,dubαnα
soap,sαbun
soar,soar
sock,zurrαb
sofa,sofα
soft,koml
soil,mitti
sole,akelα
some,kuch
song,gαnα
soon,soon
sort,sort
soul,ααтmα
soup,shorbα
spin,ghumαnα
spit,тhuknα
spot,sтhαn
star,тαrα
stay,rɦnα
stem,тnα
step,kԃm
stir,ɦilαnα
stop,ruknα
such,esα
suck,ćusnα
suit,suit
sure,zrur
swim,тeirnα
tail,punch
take,lenα
tale,kтhα
talk,talk
tall,lmbα
tank,teińk
tape,fiтα
task,kαm
team,tim
tear,ααnsu
teen,kishor
tell,kɦnα
tend,tend
tent,тmbu
term,awԃhi
test,priksα
text,mulpαth
than,bzαy
that,wɦ
them,unɦe
then,тb
they,we
thin,pтlα
this,yɦ
thus,thus
tide,zwαr-bhαtα
tile,tαil
till,тk
time,smy
tiny,chotα
tire,tire
toll,tol
tone,sur
tool,ozαr
toss,tos
tour,yαтrα
town,shɦr
trap,zαl
tray,tre
tree,ped
trim,trim
trip,yαтrα
tube,nli
tuck,tk
tune,ԃhun
turn,mod
twin,zudwα
type,prkαr
ugly,kurup
unit,ikαi
upon,upr
urge,urge
used,used
user,upyogkrтα
vary,vary
vast,vast
very,bɦuт
view,ԃekhnα
vote,wot
wage,weтn
wait,inтzαr
wake,zαgo
walk,tɦlnα
wall,ԃiwαr
want,ćαɦnα
warm,grm
warn,warn
wash,ԃhonα
wave,lɦr
weak,kmzor
wear,ghisαw
weed,khr-pтwαr
week,spтαɦ
well,kunα
west,pshćim
what,kyα
when,kb
whip,ćαbuk
whom,kisko
wide,ćodα
wife,pтni
wild,zńgli
will,ićchα
wind,ɦwα
wine,shrαb
wing,wińg
wipe,ponchnα
wire,тαr
wise,dhńg
wish,ićchα
with,sαтh
wolf,bhediyα
wood,lkdi
word,shbԃ
work,kαm
wrap,lpetnα
yard,yαrd
yeah,ɦα
year,wrs
yell,ćillαnα
your,ααpkα
zone,sheтr
true,sтy
about,about
above,upr
abuse,abuse
actor,abhineтα
adapt,adapt
added,zodα
admit,admit
adopt,adopt
adult,wysk
after,bαԃ
again,ԃobαrα
agent,prтiniԃhi
agree,sɦmт
ahead,ααge
aisle,gliyαrα
alarm,alarm
album,elbm
alien,wiԃeshi
alike,alike
alive,ziwiт
alley,gli
allow,allow
alone,akelα
along,along
alter,ααltr
among,among
angel,ԃewԃuт
anger,gussα
angle,kon
angry,gussα
ankle,tkhnα
apart,alg
apple,seb
apply,apply
arena,akhαdα
argue,bɦs
arise,uthnα
armed,sshsтr
array,srni
arrow,тir
asian,eshiyαi
aside,alg
asset,smpттi
avoid,tαlnα
await,inтzαr
awake,zαgnα
award,purskαr
aware,zαgruk
awful,bhyńkr
badly,badly
basic,buniyαԃi
basis,ααԃhαr
beach,beach
beard,ԃαdhi
beast,zαnwr
begin,shuru
being,prαni
belly,pet
below,niće
bench,beć
bible,bαibil
birth,znm
black,kαlα
blade,bled
blame,ԃos
blank,khαli
blast,ԃhmαkα
blend,milαnα
bless,ααshirwαԃ
blind,anԃhα
blink,zhpkαnα
block,block
blond,gorα
blood,khun
board,тkhтα
boast,dińg
bonus,bons
boost,bdhαnα
booth,buтh
brain,ԃimαg
brake,brek
brand,brαnd
brave,bɦαԃur
bread,roti
break,тodnα
brick,int
bride,ԃulɦn
brief,sńksipт
bring,lαnα
broad,ćodα
brown,bhurα
brush,brsh
buddy,ԃosт
build,nirmαn
bunch,gućchα
buyer,kreтα
cabin,kebin
cable,kebl
candy,keindi
cargo,mαl
carry,dhonα
carve,uтkirn
catch,pkdnα
cause,kαrn
cease,roknα
chain,znzir
chair,kursi
chaos,awywsтhα
charm,ααkrsn
chart,ćαrt
chase,chase
cheap,ssтα
cheat,ԃhokhα
check,check
cheek,gαl
cheer,cheer
chest,chαтi
chief,aԃhyks
child,bććα
chill,srԃ
chunk,tukdα
civic,nαgrik
civil,nαgrik
claim,ԃαwα
class,kksα
clean,sαf
clear,spst
clerk,lipik
click,klik
cliff,tilα
climb,ćdhnα
cling,ćipki
clock,ghdi
close,close
cloth,kpdα
cloud,bαԃl
coach,prshiksk
coast,тt
color,rńg
couch,sofα
could,sknα
count,count
court,aԃαlт
cover,dhknα
crack,ԃrαr
craft,shilp
crash,crash
crawl,crawl
crazy,pαgl
cream,krim
crime,aprαԃh
cross,cross
crowd,bhid
cruel,nirԃyi
crush,kućlnα
cuban,kyubα
curve,wkr
cycle,ćkr
daily,ԃeinik
dance,nriтy
death,moт
debut,pԃαrpn
delay,ԃeri
dense,ghnα
depth,gɦrαi
devil,sheiтαn
diary,dαyri
dirty,gnԃα
donor,ԃαтα
doubt,snԃeɦ
dough,dough
dozen,ԃrzn
draft,msoԃα
drain,nαli
drama,nαtk
dream,spnα
dress,poshαk
dried,dried
drift,abhiprαy
drill,drill
drink,pinα
drive,drive
drown,dubnα
drunk,drunk
dutch,dć
dying,mrnα
eager,ααтur
early,zlԃi
earth,ԃhrтi
eight,ααth
elbow,koɦni
elder,zyesth
elect,elect
elite,elite
empty,khαli
enact,enact
enemy,ԃushmn
enjoy,enjoy
enter,enter
entry,prwesh
equal,brαbr
equip,leis
error,glтi
essay,nibnԃh
event,ααyozn
every,prтyek
exact,exact
exist,asтiтw
extra,aтirikт
faint,faint
faith,ααsтhα
fatal,ghαтk
fault,glтi
favor,kripαԃristi
fence,bαd
fever,bukhαr
fewer,fewer
fiber,fαibr
field,meiԃαn
fifth,pαćwα
fifty,pćαs
fight,fight
final,anтim
first,pɦlα
fixed,тy
flame,zyoтi
flash,ćmk
fleet,bedα
flesh,mαns
float,тeirnα
flood,bαdh
floor,zmin
flour,ααtα
fluid,fluid
focus,kenԃr
force,bl
forth,ααge
forty,ćαlis
forum,mć
found,milα
frame,ćokhtα
fraud,ԃhokhα
fresh,тαzα
front,sαmne
frown,bhrubhńg
fruit,fl
fully,fully
funny,mzeԃαr
genre,sheili
ghost,bhuт
giant,giant
given,given
glass,kαć
globe,glob
glory,weibhw
glove,ԃsтαnα
grace,anugrɦ
grade,shreni
grain,anαz
grand,greind
grant,anuԃαn
grape,ańgur
grasp,pkd
grass,ghαs
grave,kbr
great,mɦαn
greek,grik
green,ɦrα
greet,greet
grief,grief
gross,kul
group,smuɦ
guard,rksk
guess,anumαn
guest,aтiтhi
guide,mαrgԃrshk
guilt,aprαԃh
habit,ααԃт
happy,khush
harsh,kthor
heart,ԃil
heavy,bhαri
hello,nmsтe
hence,hence
honey,shɦԃ
honor,smmαn
horse,ghodα
hotel,ɦotl
house,ghr
human,insαn
humor,ɦαsy
hurry,zlԃi
ideal,ααԃrsh
image,chwi
imply,imply
index,anukrmnikα
inner,ααnтrik
input,input
iraqi,irαk
irish,ααyrish
irony,widmbnα
islam,islαm
issue,muԃԃα
jeans,zins
joint,snyukт
judge,nyαyαԃhish
juice,rs
juror,juror
kneel,kneel
knife,ćαku
knock,ԃsтk
known,gyαт
label,lebl
labor,shrm
large,bdα
laser,lezr
later,later
latin,leitin
laugh,ɦnsnα
layer,prт
learn,sikhnα
least,least
leave,chutti
legal,kαnuni
lemon,nimbu
level,sтr
light,roshni
limit,limit
liver,zigr
lobby,lobi
local,sтhαniy
logic,тrk
loose,dhilα
lover,lover
lower,nićlα
loyal,wfαԃαr
lucky,bhαgyshαli
lunch,lunch
magic,zαԃu
major,prmukh
maker,nirmαтα
march,mαrć
marry,marry
match,milαn
maybe,shαyԃ
mayor,meyr
medal,pԃk
media,midiyα
merit,yogyтα
metal,ԃhαтu
meter,mitr
midst,midst
might,might
minor,nαbαlig
mixed,mishriт
model,nmunα
money,ԃhn
month,mɦinα
moral,neiтik
motor,motr
mount,prwт
mouse,ćuɦα
mouth,munɦ
movie,ćlćiтr
music,sńgiт
naked,nńgα
nasty,nasty
nerve,тnтrikα
never,never
newly,newly
night,rαт
noise,shor
north,uттr
novel,upnyαs
nurse,nurse
occur,occur
ocean,mɦαsαgr
offer,prsтαw
often,aksr
onion,pyαz
opera,operα
orbit,kksα
order,ααԃesh
organ,ańg
other,any
ought,ćαɦie
outer,ααutr
owner,mαlik
paint,rńgnα
panel,peinl
panic,ghbdαɦt
paper,kαgz
party,ԃl
pasta,pαsтα
patch,peibnԃ
pause,wirαm
peace,shαnтi
phase,ćrn
phone,fon
photo,тswir
piano,piyαno
piece,tukdα
pilot,pαylt
pitch,pitch
pizza,pizzα
place,zgɦ
plain,meiԃαn
plane,wimαn
plant,poԃhα
plate,тhαli
plead,niweԃn
point,binԃu
porch,brαmԃα
pound,pαund
power,shkтi
press,pres
price,kimт
pride,grw
prime,mukhy
print,chpαi
prior,purw
prize,purskαr
proof,sbuт
proud,grw
prove,prove
pulse,nαdi
punch,mukkα
purse,btuα
queen,rαni
quest,khoz
quick,zlԃi
quiet,shαnт
quite,aтynт
quote,uԃԃhrn
radar,rαdαr
radio,rediyo
raise,uthαnα
rally,reili
ranch,kheт
range,shreni
rapid,тez
ratio,anupαт
reach,pɦućnα
react,prтikriyα
ready,тeiyαr
realm,sheтr
rebel,bαgi
refer,refer
relax,relax
reply,zwαb
rider,swαr
ridge,ćoti
rifle,rαifl
right,sɦi
risky,risky
rival,prтiԃwnԃwi
river,nԃi
robot,robot
roman,romn
rough,rough
round,gol
route,mαrg
royal,shαɦi
rumor,afwαɦ
rural,grαmin
salad,slαԃ
sales,bikri
sauce,sos
scale,peimαnα
scare,drαnα
scary,drαwnα
scene,ԃrishy
scent,mɦk
scope,ԃαyrα
score,ańk
screw,peć
seize,zbт
sense,smzh
serve,serve
seven,sαт
shade,chαyα
shake,ɦilαnα
shall,kregα
shame,shame
shape,ααkαr
share,share
shark,shαrk
sharp,тikhα
sheep,bhed
sheer,nirα
sheet,ćαԃr
shelf,ԃrαz
shell,shńkh
shift,bԃlαw
shine,ćmk
shirt,kmiz
shock,zhtkα
shoot,shoot
shore,kinαrα
short,chotα
shout,ćillαnα
shove,ԃhkkα
shrug,shrug
sight,ԃrishy
silly,nαsmzh
since,since
sixth,chthα
skill,koshl
skirt,skrt
skull,khopdi
slave,gulαm
sleep,ninԃ
slice,tukdα
slide,fislnα
slope,dhlαn
small,chotα
smart,buԃԃhimαn
smell,gnԃh
smile,muskαn
smoke,ԃhuα
snake,sαmp
sneak,ućkkα
solar,sor
solid,thos
solve,solve
sorry,sorry
sound,ααwαz
south,ԃksin
space,anтriks
spare,aтirikт
spark,ćińgαri
speak,bolnα
speed,rfтαr
spell,bolnα
spend,spend
spill,feil
spine,spine
spite,wiroԃh
split,split
spoon,ćmmć
sport,khel
spray,fuɦαr
squad,ԃsтα
stack,dher
staff,krmćαri
stage,awsтhα
stair,sidhi
stake,ԃαnw
stand,stand
stare,ghurnα
start,shuru
state,rαzy
steak,steak
steal,ćurαnα
steam,bhαp
steel,ispαт
steep,khdi
steer,steer
stick,ćipknα
stiff,akdn
still,still
stock,bhndαr
stone,pттhr
store,store
storm,ααnԃhi
story,kɦαni
stove,ćulɦα
straw,ghαs
strip,ptti
study,aԃhyyn
stuff,sαmgri
style,sheili
sugar,ćini
suite,suit
sunny,sunny
super,super
swear,swear
sweat,psinα
sweep,zhαdu
sweet,mithαi
swell,suznα
swing,zhulα
sword,тlwαr
table,mez
taste,swαԃ
teach,pdhαnα
terms,shrтe
thank,ԃhnywαԃ
their,unkα
theme,wisy
there,wɦα
these,in
thick,motα
thigh,zαńgh
thing,ćiz
think,soćnα
third,тisrα
those,we
three,тin
throw,feńk
thumb,ańguthα
tight,tight
tired,tired
title,shirsk
today,ααz
tooth,ԃαnт
topic,wisy
total,kul
touch,chunα
tough,kthin
towel,тoliyα
tower,tαwr
toxic,wisαkт
trace,trace
track,rαsтα
trade,wyαpαr
trail,pgdndi
train,relgαdi
trait,prwriттi
trash,kćrα
treat,ilαz
trend,ruzhαn
trial,priksn
tribe,znzαтi
trick,ćαl
troop,senα
truck,trk
truly,truly
trunk,тnα
trust,wishwαs
truth,sć
tumor,tyumr
twice,twice
twist,mod
uncle,ćαćα
under,anтrgт
union,miln
unite,unite
unity,ekтα
until,until
upper,apr
upset,preshαn
urban,shɦri
usual,sαԃhαrn
valid,weiԃh
value,kimт
video,widiyo
virus,wαyrs
visit,visit
vital,aтyαwshyk
vocal,swr
voice,ααwαz
voter,mтԃαтα
wagon,gαdi
waist,kmr
waste,waste
watch,ghdi
water,pαni
weave,bunnα
weigh,тolnα
weird,azib
whale,wɦel
wheat,geɦu
wheel,pɦiyα
where,kɦα
which,kon
while,zbki
white,sfeԃ
whole,sαbuт
whose,kiskα
widow,wiԃhwα
woman,mɦilα
works,works
world,ԃuniyα
worry,ćinтα
worth,lαyk
would,ćαɦeńge
wound,ghαw
wrist,klαi
write,likhnα
wrong,glт
yield,upz
young,yuwα
yours,тumɦαrα
youth,yuwα
false,asтy
abroad,wiԃesh
absorb,absorb
accent,lɦzα
accept,accept
access,pɦuć
accuse,ααrop
across,ααr-pαr
action,kαrrwαi
active,skriy
actual,wαsтwik
adjust,adjust
admire,admire
advice,slαɦ
advise,advise
affair,mαmlα
affect,ćαɦnα
afford,wɦn
afraid,drnα
agency,ezensi
agenda,kαrysući
almost,lgbhg
always,ɦmeshα
amount,mαтrα
and/or,or/yα
animal,zαnwr
annual,wαrsik
answer,uттr
anyone,anyone
anyway,anyway
appeal,niweԃn
appear,appear
around,ααs-pαs
arrest,girfтαri
arrive,ααnα
artist,klαkαr
asleep,asleep
aspect,pɦlu
assert,zor
assess,ααkln
assign,sompnα
assist,assist
assume,assume
assure,ααshwαsn
attach,attach
attack,attack
attend,attend
author,lekhk
ballot,mтԃαn
banana,kelα
banker,beińkr
barely,barely
barrel,beirl
basket,tokri
battle,yuԃԃh
beauty,sunԃrтα
become,bnnα
before,pɦle
behalf,behalf
behave,wywɦαr
behind,piche
belief,ααsтhα
belong,smbnԃhiт
beside,beside
better,beɦтr
beyond,ααge
bishop,bishp
bitter,kdwα
bloody,khuni
border,simα
boring,ubαu
borrow,uԃhαr
bother,preshαn
bottle,boтl
bottom,тl
bounce,uchlnα
branch,shαkhα
breast,sтn
breath,sαns
breeze,ɦwα
bridge,pul
bright,ćmkԃαr
broken,broken
broker,ԃlαl
bronze,kαnsy
brutal,krur
bubble,bulbulα
bucket,bαlti
budget,bzt
bullet,goli
burden,bozh
bureau,byuro
butter,mkkhn
button,btn
camera,keimrα
campus,prisr
cancel,cancel
cancer,keinsr
candle,mombттi
canvas,keinwαs
carbon,kαrbn
career,ααziwikα
carpet,kαlin
carrot,gαzr
casino,keisino
casual,anopćαrik
cattle,pshu
center,kenԃr
chance,mokα
change,priwrтn
charge,shulk
cheese,pnir
choice,psnԃ
choose,ćunnα
church,girzαghr
circle,gherα
client,grαɦk
clinic,klinik
closed,closed
closer,krib
closet,almαri
coffee,kofi
collar,collar
colony,kαloni
column,sтmbh
combat,ldαi
comedy,komedi
coming,coming
commit,prтibԃԃh
common,sαmαny
compel,mzbur
comply,comply
convey,bтαnα
cookie,kuki
corner,konα
costly,mɦńgα
cotton,kpαs
county,kαunti
couple,yugl
course,awԃhi
cousin,ććerα
create,bnαe
credit,shrey
crisis,sńkt
critic,smiksk
cruise,cruise
custom,riwαz
damage,ɦαni
dancer,nrтk
danger,khтrα
deadly,ghαтk
dealer,dilr
debate,bɦs
debris,mlbα
decade,ԃshk
decent,shαlin
decide,decide
deeply,gɦrα
defeat,ɦrαnα
defend,defend
define,define
degree,digri
demand,mαńg
denial,inkαr
depart,prsтhαn
depend,depend
depict,ćiтriт
deploy,deploy
deputy,up
derive,derive
desert,regisтαn
design,dizαin
desire,ićchα
detail,wiwrn
detect,detect
device,upkrn
devote,smrpiт
differ,differ
dining,bhozn
dinner,dinner
direct,prтyks
divide,divide
divine,ԃiwy
doctor,ćikiтsk
domain,kαrykseтr
donate,donate
double,ԃoɦrα
drawer,ԃrαz
driver,drαiwr
during,ԃorαn
e-mail,imel
easily,easily
eating,khαnα
editor,smpαԃk
effect,prbhαw
effort,koshish
eighth,ααthwα
either,either
eleven,gyαrɦ
emerge,ubhrnα
empire,sαmrαzy
employ,kαm
enable,sksm
endure,endure
energy,urzα
engage,engage
engine,inzn
enough,pryαpт
enroll,nαmαńkn
ensure,ensure
entire,purα
entity,ikαi
equity,ɦisseԃαri
escape,plαyn
estate,zαgir
ethics,niтi
ethnic,zαтiy
evolve,evolve
exceed,exceed
except,except
excuse,shmα
exotic,wiԃeshi
expand,bdhαnα
expect,expect
expert,wishesgy
export,niryαт
expose,expose
extend,bdhαnα
extent,sheтr
fabric,kpdα
factor,kαrk
fairly,fairly
family,priwαr
famous,prsiԃԃh
farmer,kisαn
faster,faster
father,piтα
fellow,sαтhi
female,mɦilα
fierce,bhyńkr
figure,ααkriтi
filter,filtr
finger,uńgliyα
finish,finish
firmly,firmly
fiscal,rαzkosiy
flavor,swαԃ
flight,udαn
flower,ful
flying,udαn
follow,follow
forbid,forbid
forest,zńgl
forget,forget
formal,općαrik
format,prαrup
former,purw
foster,posk
fourth,ćoтhi
freely,ααzαԃi
freeze,zmαnα
french,freć
friend,ԃosт
frozen,frozen
future,bhwisy
galaxy,galaxy
garage,geirez
garden,bgićα
garlic,lɦsun
gather,gather
gender,lińg
genius,genius
gentle,koml
gently,ԃhire
german,zrmn
gifted,gifted
glance,zhlk
global,weishwik
golden,sunɦrα
govern,govern
ground,meiԃαn
growth,wikαs
guilty,aprαԃhi
guitar,gitαr
handle,smbhαlnα
happen,ɦonα
hardly,hardly
hazard,khтrα
health,swαsтhy
heaven,swrg
height,ućαi
helmet,ɦelmet
hidden,hidden
highly,aтyԃhik
hockey,ɦoki
honest,imαnԃαr
horror,drαwni
hunger,bhukh
hungry,bhukhα
hunter,shikαri
ignore,ignore
immune,prтirksα
impact,prbhαw
import,ααyαт
impose,impose
income,ααy
indeed,indeed
indian,bhαrтiy
infant,shishu
inform,inform
injure,injure
injury,ćot
inmate,keiԃi
insect,kidα
insert,dαlnα
inside,anԃr
insist,insist
intact,akhnd
intend,intend
intent,irαԃα
invade,ααkrmn
invent,invent
invest,invest
invite,invite
island,ԃwip
itself,swy
jacket,zeiket
jewish,yɦuԃi
jungle,juńgle
junior,knisth
killer,ɦтyαrα
korean,koriyαi
ladder,sidhi
lately,lately
latter,latter
launch,launch
lawyer,wkil
leader,neтα
league,lig
legacy,prmprα
legend,ԃnтkтhα
length,lmbαi
lesson,pαth
letter,pтr
likely,smbhαwiт
liquid,тrl
listen,sunnα
little,тhodα
living,ziwikα
locate,locate
lonely,akelα
lovely,pyαrα
mainly,mainly
makeup,makeup
manage,manage
manner,dhńg
marble,sńgmrmr
margin,anтr
marine,smuԃri
marker,nishαn
market,bαzαr
master,mαlik
matter,mαmlα
medium,mԃhym
member,sԃsy
memory,yαԃ
mental,mαnsik
mentor,upԃeshk
merely,kewl
method,тrikα
middle,mԃhy
minute,mint
mirror,ααinα
mm-hmm,mimi-ɦmm
mobile,gтimαn
modern,ααԃhunik
modest,mαmuli
modify,snshoԃhiт
moment,pl
monkey,bnԃr
mostly,zyαԃαтr
mother,mα
motion,gтi
motive,mksԃ
murder,ɦтyα
muscle,mαnspeshiyα
museum,sńgrɦαly
muslim,muslmαn
mutter,mutter
mutual,ααpsi
myself,khuԃ
narrow,sńkrα
nation,rαstr
native,ԃeshi
nature,prkriтi
nearby,ααs-pαs
nearly,lgbhg
needle,sui
nobody,nobody
normal,sαmαny
notice,sućnα
notion,ԃhαrnα
number,sńkhyα
object,wsтu
obtain,prαpт
occupy,occupy
office,kαryαly
online,ααnlαin
openly,openly
oppose,oppose
option,wiklp
orange,nαrńgi
origin,mul
others,any
outfit,poshαk
outlet,ԃukαn
output,ααutput
oxygen,oxygen
palace,mɦl
parade,pred
parent,parent
parish,plli
partly,partly
pastor,pαԃri
patent,patent
patrol,pɦrα
patron,snrksk
peanut,muńgfli
pencil,pensil
people,log
pepper,pepper
period,awԃhi
permit,permit
person,wykтi
phrase,wαkyαnsh
pickup,uthαnα
pillow,тkiyα
planet,grɦ
player,khilαdi
please,kripyα
plenty,bɦuт
plunge,dubki
pocket,zeb
poetry,kwiтα
police,pulis
policy,niтi
poster,postr
potato,ααlu
powder,pαudr
praise,prshnsα
prayer,prαrтhnα
preach,preach
prefer,prefer
pretty,sunԃr
priest,puzαri
prison,kαrαgαr
profit,lαbh
prompt,ттpr
proper,ućiт
public,znтα
punish,punish
purple,beińgni
pursue,pursue
puzzle,pɦeli
rabbit,khrgosh
racial,zαтiy
racism,zαтiwαԃ
random,yαԃrićchik
rarely,kbhi-kbhαr
rather,rather
rating,retińg
reader,pαthk
really,really
reason,kαrn
recall,recall
recent,recent
recipe,recipe
record,abhilekh
reduce,reduce
reform,suԃhαr
refuge,shrn
refuse,refuse
regain,ɦαsil
regard,smbԃԃh
regime,prshαsn
region,sheтr
regret,kheԃ
reject,reject
relate,smbnԃhiт
relief,rαɦт
remain,awshes
remark,tippni
remind,remind
remote,ԃur
remove,nikαlnα
render,render
rental,kirαye
repair,mrmmт
repeat,ԃoɦrαnα
report,prтiweԃn
rescue,bćαw
resign,resign
resist,resist
resort,sɦαrα
result,prinαm
resume,resume
retail,khuԃrα
retain,retain
retire,ritαyr
return,return
reveal,reveal
review,smiksα
reward,inαm
rhythm,ly
ribbon,ribn
ritual,ritual
rocket,rαket
rubber,rbd
ruling,sттαrudh
runner,ԃhαwk
sacred,pwiтr
safely,safely
safety,surksα
salary,weтn
salmon,seimn
sample,nmunα
saving,bćт
scared,scared
scheme,yoznα
school,wiԃyαly
scream,ćikh
screen,skrin
script,script
search,khoz
season,mosm
second,ԃusrα
secret,gupт
sector,sheтr
secure,surksiт
seldom,kbhi-kbhi
select,ćunnα
seller,wikreтα
senate,senate
senior,wristh
series,shrińkhlα
settle,settle
severe,gmbhir
sexual,yon
shadow,chαyα
shared,sαzhα
shorts,shorts
should,ćαɦie
shower,fwwαrα
shrimp,zhińgα
shrink,sikudnα
signal,sńkeт
silent,ćupćαp
silver,ćαnԃi
simple,srl
simply,kewl
singer,gαyk
single,akelα
sister,bɦn
sleeve,ααsтin
slight,тhodα
slowly,slowly
smooth,ćiknα
soccer,futbol
social,sαmαzik
sodium,sodiym
soften,nrm
softly,softly
solely,akele
source,sroт
soviet,sowiyт
speech,bhαsn
sphere,golα
spirit,ααтmα
spouse,ziwnsαтhi
spread,feilαnα
spring,wsnт
square,wrg
stable,sтhir
stance,muԃrα
statue,murтi
status,sтhiтi
steady,niymiт
strain,chαnnα
streak,ԃhαri
stream,ԃhαrα
street,gli
stress,тnαw
strict,kthor
strike,ɦdтαl
string,dori
stroke,ααghαт
strong,mzbuт
studio,studio
stupid,murkh
submit,submit
subtle,ztil
suburb,upngr
sudden,aćαnk
suffer,pidiт
summer,grmi
summit,beithk
supply,ααpurтi
surely,surely
survey,srwe
switch,bԃlnα
symbol,prтik
system,prnαli
tackle,zuzhnα
tactic,rnniтi
talent,prтibhα
target,lksy
temple,mnԃir
tender,nαzuk
tennis,tenis
terror,ααтńk
thanks,ԃhnywαԃ
theory,likhiт
thirty,тis
though,yԃypi
thread,ԃhαgα
threat,ԃhmki
thrive,flnα-fulnα
throat,glα
ticket,tikt
timber,imαrтi
timing,smy
tissue,uтk
toilet,shoćαly
tomato,tmαtr
tongue,zibh
toward,toward
tragic,ԃukhԃ
trauma,sԃmα
travel,yαтrα
treaty,snԃhi
tribal,znzαтiy
tunnel,surńg
turkey,trki
twelve,bαrɦ
twenty,bis
unable,asmrтh
unfair,anućiт
unfold,uԃhednα
unique,aԃwiтiy
united,yunαited
unless,unless
unlike,bhinn
update,aԃyтn
useful,upyogi
vacuum,weikyum
valley,ghαti
vanish,vanish
vendor,wikreтα
verbal,mokhik
versus,bnαm
vessel,zɦαz
victim,pidiт
viewer,ԃrshk
virtue,gun
vision,ԃristi
visual,тswir
volume,ααyтn
voting,mтԃαn
wander,ghumnα
warmth,grmi
weaken,kmzor
wealth,smpттi
weapon,ɦтhiyαr
weekly,sαpтαɦik
weight,wzn
widely,widely
window,khidki
winner,wizeтα
winter,srԃi
wisdom,buԃԃhi
within,anԃr
wonder,ααshćry
wooden,wooden
worker,kαrykrтα
writer,lekhk
yellow,pilα
abandon,abandon
ability,shmтα
absence,anupsтhiтi
account,khαтα
achieve,achieve
acquire,acquire
actress,abhineтri
address,pтα
advance,agrim
adviser,slαɦkαr
african,afriki
against,khilαf
airline,eyrlαin
airport,eyrport
alcohol,shrαb
alleged,kтhiт
already,already
amazing,aԃbhuт
analyst,wishlesk
analyze,analyze
ancient,prαćin
another,another
anxiety,ćinтα
anxious,ćinтiт
anybody,anybody
anymore,anymore
appoint,appoint
approve,approve
arrange,arrange
arrival,ααgmn
article,lekh
assault,ɦmlα
athlete,ԃhαwk
attempt,attempt
attract,attract
auction,nilαmi
average,osт
balance,snтuln
balloon,gubbαrα
banking,beińkińg
barrier,rukαwt
battery,beitri
because,kyońki
bedroom,bedroom
believe,wishwαs
beneath,niće
benefit,fαyԃα
besides,alαwα
between,between
bicycle,sαikil
billion,arb
biology,ziwwigyαn
blanket,kmbl
bombing,bombing
breathe,breathe
briefly,sńksipт
british,british
brother,bhαi
builder,nirmαтα
burning,zlnα
cabinet,almαri
capable,kαbil
capital,punzi
captain,kpтαn
capture,kbzα
careful,sαwԃhαn
carrier,wαɦk
cartoon,kαrtun
catalog,sući
ceiling,chт
central,kenԃriy
century,shтk
certain,nishćiт
chamber,kks
channel,ćeinl
chapter,aԃhyαy
charity,ԃαn
charter,ćαrtr
chicken,murgα
chinese,ćini
chronic,ԃirghkαlik
circuit,srkit
citizen,nαgrik
classic,klαsik
clearly,clearly
climate,zlwαyu
closely,closely
closest,niktтm
clothes,kpde
cluster,zhund
coastal,тtiy
cocaine,kokin
collect,collect
college,kolez
combine,milαnα
comfort,ααrαm
command,ααgyα
comment,tippni
company,kmpni
compare,compare
compete,purα
complex,ztil
compose,likhe
concede,concede
concept,awԃhαrnα
concern,ćinтα
concert,concert
condemn,condemn
conduct,ααćrn
confess,confess
confirm,confirm
confuse,confuse
connect,zodnα
consent,sɦmтi
consist,consist
consult,consult
consume,consume
contact,smprk
contain,roknα
contend,contend
content,sαmgri
contest,prтiyogiтα
context,prsńg
control,niynтrn
convert,bԃlnα
convict,convict
cooking,cooking
correct,sɦi
costume,poshαk
cottage,zhopdi
council,prisԃ
counsel,wkil
counter,counter
country,ԃesh
courage,sαɦs
crowded,crowded
crucial,mɦтwpurn
crystal,kristl
culture,snskriтi
curious,zigyαsu
current,mozuԃα
curtain,prԃα
custody,ɦirαsт
dancing,nriтy
declare,ghosiт
decline,girαwt
defense,rksα
deficit,ghαtα
delight,ααnnԃ
deliver,bαntnα
density,ghnтw
deposit,zmα
descend,uтrnα
deserve,deserve
despite,despite
dessert,mithαi
destroy,destroy
develop,develop
diamond,dαymnd
dictate,ɦukm
digital,dizitl
dignity,grimα
dilemma,ԃuwiԃhα
discuss,discuss
disease,bimαri
dismiss,dismiss
display,prԃrshn
dispute,wiwαԃ
distant,ԃursтh
disturb,disturb
diverse,wiwiԃh
divorce,тlαk
doorway,ԃwαr
drawing,ćiтrklα
driving,drαiwińg
dynamic,gтishil
eastern,purwi
economy,arтhwywsтhα
edition,snskrn
educate,shiksiт
elderly,buzurg
elegant,surućipurn
element,ттw
embrace,apnαnα
emotion,bhαwnα
endless,anтɦin
endorse,smrтhn
enforce,lαgu
english,ańgrezi
enhance,bdhαnα
entitle,tαitil
episode,episod
equally,equally
essence,sαr
ethical,neiтik
evening,shαm
evident,prтyks
exactly,bilkul
examine,examine
example,uԃαɦrn
excited,uтsαɦiт
exclude,exclude
execute,execute
exhaust,nikαs
exhibit,ԃikhαnα
expense,wyy
explain,explain
explode,wisfot
exploit,exploit
explore,explore
express,express
extreme,ćrm
eyebrow,bho
factory,kαrkhαnα
faculty,sńkαy
failure,asflтα
fantasy,klpnα
fashion,pɦnαwα
fatigue,тhkαn
feather,pńkh
feature,wishesтα
federal,sńghiy
feeling,anubhuтi
fiction,klpnα
fifteen,pnԃrɦ
fighter,yoԃԃhα
finally,finally
finance,wiтт
finding,khoz
fishing,fishing
fitness,upyukттα
foreign,wiԃesh
forever,forever
forgive,forgive
formula,formulα
fortune,bhαgy
forward,ααge
founder,snsтhαpk
fragile,kmzor
frankly,frankly
freedom,swтnтrтα
fucking,kmbkhт
funding,anuԃαn
funeral,funeral
gallery,geilri
garbage,kćrα
general,sαmαny
genetic,ααnuwnshik
genuine,asli
gesture,ishαrα
glimpse,zhlk
gravity,guruтwαkrsn
greatly,kαfi
grocery,kirαnα
growing,growing
habitat,habitat
halfway,halfway
hallway,ԃαlαn
handful,mutthi
happily,happily
harmony,sԃbhαw
harvest,fsl
healthy,swsтh
hearing,sunwαi
heavily,bhαri
helpful,mԃԃgαr
herself,khuԃ
highway,rαzmαrg
himself,himself
history,iтiɦαs
holiday,chutti
horizon,shiтiz
hormone,ɦαrmon
hostage,bnԃhk
hostile,shтruтαpurn
housing,ααwαs
however,ттhαpi
hundred,so
hunting,shikαr
husband,pтi
illegal,geirkαnuni
illness,bimαri
imagine,imagine
impress,chαp
improve,suԃhαr
impulse,ααweg
include,include
inherit,inɦerit
initial,prαrmbhik
inquiry,inquiry
insight,anтrԃristi
inspire,inspire
install,install
instant,тurnт
instead,bzαy
intense,gɦn
involve,involve
islamic,islαmi
isolate,alg
israeli,izrαyl
italian,iтαlwi
jewelry,zewr
journal,pтrikα
journey,yαтrα
justice,nyαy
justify,oćiтy
killing,ɦтyα
kingdom,sαmrαzy
kitchen,rsoighr
landing,awтrn
largely,largely
lawsuit,mukԃmα
leading,agrni
leather,ćmdα
lecture,wyαkhyαn
legally,legally
liberal,uԃαr
liberty,swтnтrтα
library,pusтkαly
license,lαisens
lightly,lightly
limited,simiт
logical,тαrkik
loyalty,nisthα
machine,mshin
manager,prbnԃhk
mandate,aԃhiԃesh
mansion,ɦweli
married,wiwαɦiт
massive,massive
maximum,aԃhikтm
meaning,arтh
measure,upαy
medical,ćikiтsα
meeting,beithk
mention,ullekh
message,snԃesh
mexican,meiksikn
million,million
mineral,khniz
minimal,nyunтm
minimum,nyunтm
miracle,ćmтkαr
missile,misαil
missing,gum
mission,uԃԃeshy
mistake,glтi
mixture,mishrn
monitor,monitor
monster,rαkss
monthly,monthly
morning,subɦ
musical,myuzikl
mystery,rɦsy
natural,prαkriтik
neither,neither
nervous,nervous
network,netwrk
neutral,тtsтh
nominee,ummiԃwαr
nothing,nothing
nowhere,nowhere
nuclear,nαbhikiy
o'clock,o'clock
observe,niriksn
obvious,zαɦir
offense,aprαԃh
officer,afsr
olympic,olimpik
ongoing,ongoing
opening,uԃghαtn
operate,prćαln
opinion,rαy
opposed,wiroԃh
organic,zeiwik
outcome,nтizα
outdoor,ααutdor
outline,ruprekhα
outside,bαɦr
overall,overall
oversee,ԃekhrekh
package,peiket
painful,ԃrԃnαk
painter,ćiтrkαr
parking,pαrkińg
partial,ααnshik
partner,sαтhi
passage,rαsтα
passing,pαsińg
passion,zunun
patient,mriz
pattern,nmunα
payment,bhugтαn
peasant,kisαn
penalty,zurmαnα
pension,penshn
perfect,uттm
perform,perform
perhaps,shαyԃ
persian,fαrsi
persist,persist
physics,physics
picture,ćiтr
pioneer,pioneer
pitcher,ghdα
planner,yoznαkαr
plastic,plαstik
playoff,playoff
pleased,prsnn
popular,lokpriy
portion,bhαg
portray,ćiтrklα
possess,possess
poverty,gribi
precise,stik
predict,predict
premise,ααԃhαr
premium,aԃhimuly
prepare,prepare
present,upsтhiт
pretend,pretend
prevail,prevail
prevent,roknα
primary,prαтhmik
privacy,gopniyтα
private,nizi
problem,sńkt
proceed,proceed
process,prkriyα
produce,produce
product,uтpαԃ
profile,profαil
program,kαrykrm
project,priyoznα
promise,wαԃα
promote,promote
propose,propose
protect,protect
protein,protin
protest,wiroԃh
provide,provide
provoke,uksαnα
publish,prkαshiт
purpose,uԃԃeshy
pursuit,kαm
qualify,arɦтα
quality,gunwттα
quarter,тimαɦi
quickly,quickly
quietly,ćupćαp
radical,molik
rapidly,rapidly
readily,readily
reading,pdhnα
reality,wαsтwikтα
realize,smzhnα
rebuild,punrnirmαn
receive,receive
recover,recover
recruit,bhrтi
reflect,reflect
refugee,shrnαrтhi
regular,niymiт
related,smbnԃhiт
release,release
relieve,relieve
removal,ɦtαnα
replace,replace
request,anuroԃh
require,require
reserve,snrksiт
resolve,sńklp
respect,ααԃr
respond,respond
restore,restore
retired,sewαniwriтт
retreat,retreat
revenue,ααy
reverse,riwrs
rolling,rolińg
romance,romαns
roughly,roughly
routine,ԃinćryα
running,ԃodnα
russian,rusi
satisfy,snтust
scandal,ghotαlα
scatter,bikhrαw
scholar,pndiт
science,wigyαn
scratch,khroćnα
section,anubhαg
secular,ԃhrmnirpeks
segment,khnd
seminar,seminαr
senator,sinetr
serious,gmbhir
servant,nokr
service,sewα
serving,serving
session,sтr
setting,setińg
seventh,sαтwi
several,anek
shallow,uтhlα
sharply,sharply
shelter,ααshry
shortly,shortly
shuttle,shtl
sibling,sibling
silence,mon
similar,smαn
skilled,kushl
slavery,gulαmi
society,smαz
soldier,seinik
someday,someday
somehow,somehow
someone,koi
spanish,speinish
speaker,wkтα
special,wishes
species,przαтiyα
specify,specify
sponsor,prαyozk
squeeze,nićod
stadium,stediym
starter,stαrtr
station,steshn
statute,kαnun
stomach,pet
storage,bhndαrn
strange,azib
stretch,khićnα
student,wiԃyαrтhi
stumble,thokr
subject,wisy
subsidy,sbsidi
succeed,succeed
success,sflтα
suggest,suggest
suicide,ααтmghαтi
summary,sαrαnsh
support,sɦαyтα
suppose,suppose
supreme,uććтm
surface,sтɦ
surgeon,srzn
surgery,surgery
survive,survive
suspect,suspect
suspend,nilmbiт
sustain,sustain
swallow,niglnα
sweater,swetr
symptom,lksn
t-shirt,t-shirt
teacher,aԃhyαpk
teenage,kishor
tension,тnαw
terrain,ilαke
testify,testify
testing,priksn
texture,bnαwt
theater,тhietr
therapy,ćikiтsα
thereby,thereby
thought,soćα
through,through
tighten,ks
tightly,tightly
tobacco,тmbαku
tonight,tonight
totally,totally
tourism,prytn
tourist,prytk
towards,towards
trading,wyαpαr
traffic,treifik
tragedy,тrαsԃi
trailer,trelr
trainer,trenr
transit,pαrgmn
trigger,trigger
triumph,wizyollαs
trouble,mushkil
typical,theth
uncover,uzαgr
undergo,guzrnα
unhappy,aprsnn
uniform,wrԃi
unknown,agyαт
unusual,asαmαny
usually,usually
utility,upyogiтα
utilize,upyog
vaccine,tikα
variety,wiwiԃhтα
various,wibhinn
vehicle,wαɦn
venture,uԃym
verdict,nirny
version,snskrn
veteran,anubhwi
victory,wizy
village,gαnw
violate,violate
violent,ɦinsk
virtual,ααbhαsi
visible,ԃrishymαn
visitor,ααgnтuk
vitamin,witαmin
walking,ćlnα
warning,ćeтαwni
warrior,yoԃԃhα
wealthy,ԃhnwαn
weather,mosm
wedding,shαԃi
weekend,spтαɦαnт
welcome,swαgт
welfare,klyαn
western,westrn
whereas,zbki
whether,ćαɦe
whisper,fusfusαnα
whoever,whoever
willing,ićchuk
without,binα
witness,gwαɦ
working,kαryrт
workout,workout
worried,ćinтiт
writing,likhnα
written,written
abortion,grbhpαт
absolute,nirpeks
abstract,amurт
academic,akαԃmik
accident,ԃurghtnα
accuracy,shuԃԃhтα
accurate,shuԃԃh
actively,skriy
activist,kαrykrтα
activity,gтiwiԃhi
actually,actually
addition,zodnα
adequate,pryαpт
adoption,adoption
advanced,wiksiт
advocate,wkil
aircraft,wimαn
airplane,airplane
alliance,gthbnԃhn
although,ɦαlαńki
aluminum,alyuminiym
ambition,mɦтwαkαńksα
american,ameriki
analysis,wishlesn
ancestor,purwz
announce,announce
annually,prтiwrs
anything,anything
anywhere,anywhere
apparent,prkt
approach,ԃristikon
approval,anumoԃn
argument,тrk
artifact,artifact
artistic,klαтmk
assemble,iktthα
assembly,wiԃhαnsbhα
athletic,pust
attitude,nzriyα
attorney,prтiniԃhi
audience,shroтα
autonomy,swαyтттα
backyard,pichwαde
bacteria,ziwαnu
balanced,beilensd
baseball,besbol
basement,тɦkhαnα
bathroom,snαnghr
behavior,wywɦαr
birthday,znmԃin
blessing,ααshirwαԃ
boundary,simα
building,imαrт
business,wyαpαr
calendar,keilendr
campaign,abhiyαn
canadian,keinediyn
capacity,shmтα
casualty,ԃurghtnα
category,wrg
catholic,keiтholik
cemetery,kbrisтαn
ceremony,smαroɦ
chairman,aԃhyks
champion,ćeimpiyn
changing,changing
chemical,rαsαynik
civilian,aseinik
classify,classify
clinical,klinikl
clothing,kpde
collapse,collapse
colonial,opniweshik
colorful,rńgin
combined,snyukт
commonly,ααmтor
complain,complain
complete,purα
compound,mishrn
comprise,smαwesh
computer,kmpyutr
conceive,conceive
conclude,niskrs
concrete,thos
conflict,tkrαw
confront,confront
congress,kαńgres
consider,consider
constant,sтhir
consumer,upbhokтα
continue,continue
contract,anubnԃh
contrast,anтr
convince,convince
corridor,gliyαre
coverage,kwrez
creation,nirmαn
creative,rćnαтmk
creature,prαni
criminal,ααprαԃhik
criteria,mαnԃnd
critical,gmbhir
cultural,sαnskriтik
currency,muԃrα
customer,grαɦk
darkness,anԃherα
database,detαbes
daughter,beti
deadline,deadline
decision,feislα
decorate,szαnα
decrease,ghtαnα
dedicate,dedicate
defender,rksk
delicate,nαzuk
delivery,wiтrn
democrat,przαтnтrwαԃi
describe,describe
designer,dizαinr
detailed,wisтriт
diabetes,mԃhumeɦ
diagnose,diagnose
dialogue,wαrтα
diminish,ghtαnα
diplomat,rαznyik
directly,siԃhe
director,niԃeshk
disabled,aksm
disagree,asɦmт
disaster,ααpԃα
disclose,khulαsα
discount,chut
discover,discover
disorder,wikαr
dissolve,dissolve
distance,ԃuri
distinct,wishist
distract,wićliт
district,zilα
division,wibhαzn
doctrine,siԃԃhαnт
document,ԃsтαwez
domestic,ghrelu
dominant,prmukh
dominate,dominate
donation,ԃαn
downtown,shɦr
dramatic,nαtkiy
drinking,pine
driveway,sdk
dynamics,gтiki
earnings,ααy
economic,ααrтhik
educator,shiksk
election,ćunαw
electric,ilektrik
elephant,ɦαтhi
elevator,lift
eligible,yogy
emerging,ubhrтe
emission,uтsrzn
emphasis,zor
employee,krmćαri
employer,niyokтα
engineer,abhiynтα
enormous,wishαl
entirely,entirely
entrance,entrance
envelope,lifαfα
envision,envision
epidemic,mɦαmαri
equality,smαnтα
equation,smikrn
estimate,estimate
european,yuropiy
evaluate,evaluate
everyday,everyday
everyone,everyone
evidence,prmαn
exchange,aԃlα-bԃli
exciting,romαćk
exercise,wyαyαm
existing,mozuԃα
expected,apeksiт
explicit,mukhr
exposure,khulαsα
extended,wisтαriт
external,bαɦri
facility,suwiԃhα
familiar,prićiт
favorite,psnԃiԃα
feedback,prтikriyα
feminist,nαriwαԃi
festival,тyoɦαr
fighting,fighting
flexible,lćilα
football,futbol
forehead,mαтhα
formerly,purw
fraction,ansh
fragment,tukdα
frequent,aksr
freshman,nae
friendly,ԃosтαnα
frontier,simαnт
function,smαroɦ
gasoline,petrol
generate,uтpnn
generous,uԃαr
governor,rαzypαl
graduate,snαтk
grateful,ααbhαri
greatest,mɦαnтm
guidance,mαrgԃrshn
handsome,ααkrsk
hardware,ɦαrdweyr
headache,sirԃrԃ
headline,shirsk
heritage,wirαsт
hesitate,hesitate
hispanic,ɦispeinik
historic,eтiɦαsik
homeland,mαтribhumi
homeless,beghr
homework,griɦkαry
honestly,honestly
horrible,bhyńkr
hospital,aspтαl
humanity,insαniyт
identify,identify
identity,pɦćαn
ideology,wićαrԃhαrα
illusion,mαyα
improved,unnт
incident,ghtnα
increase,bdhoтri
indicate,indicate
industry,uԃyog
informal,anopćαrik
inherent,anтrniɦiт
initiate,initiate
innocent,mαsum
instance,uԃαɦrn
instinct,instinct
instruct,pdhαnα
interact,interact
interest,ԃilćspi
interior,interior
internal,ααnтrik
internet,intrnet
interval,anтrαl
intimate,anтrńg
invasion,ααkrmn
investor,inwestr
involved,shαmil
isolated,ekαki
japanese,zαpαni
judgment,prly
judicial,aԃαlтi
landmark,simαćiɦn
language,bhαsα
laughter,ɦnsi
lawmaker,wywsтhαpk
learning,sikhnα
lifetime,ziwnbhr
lighting,prkαsh
likewise,likewise
listener,shroтα
literary,sαɦiтyik
location,zgɦ
longtime,longtime
magazine,pтrikα
magnetic,ćumbkiy
maintain,maintain
majority,bɦumт
managing,prbnԃh
marriage,shαԃi
material,sαmgri
meantime,meantime
mechanic,meikenik
medicine,ԃwα
mentally,mentally
merchant,wyαpαri
metaphor,rupk
midnight,mԃhyrαтri
military,seiny
minimize,minimize
minister,mnтri
ministry,mnтrαly
minority,alpsńkhyk
moderate,mԃhym
molecule,anu
momentum,gтi
monument,smαrk
moreover,moreover
mortgage,mortgage
motivate,motivate
mountain,prwт
movement,ααnԃoln
multiple,ekαԃhik
mushroom,mshrum
musician,sńgiтkαr
national,rαstriy
negative,nkαrαтmk
neighbor,pdosi
normally,sαmαnyтa
northern,uттri
notebook,notbuk
numerous,bɦuт
nutrient,pustikr
observer,pryweksk
obstacle,bαԃhα
occasion,awsr
offender,aprαԃhi
offering,prsαԃ
official,aԃhikαri
olympics,olmpik
operator,ααpretr
opponent,prтiԃwnԃwi
opposite,wilom
ordinary,sαԃhαrn
organism,ziw
organize,ααyozn
original,mul
outsider,prαyα
overcome,overcome
overlook,owrluk
painting,ćiтrkαri
parental,peiтrik
particle,kn
patience,ԃheiry
peaceful,shαnтipurn
perceive,smzhnα
personal,nizi
persuade,persuade
physical,bhoтik
planning,yoznα
platform,pleitform
pleasant,sukhԃ
pleasure,ααnnԃ
politics,rαzniтi
portrait,ćiтr
position,pԃ
positive,skαrαтmk
possible,smbhw
possibly,smbhwт:
powerful,тαkтwr
practice,abhyαs
precious,kimтi
predator,ԃrinԃα
pregnant,grbhwтi
presence,upsтhiтi
preserve,preserve
pressure,ԃbαw
previous,previous
priority,prαтhmikтα
prisoner,keiԃi
probably,shαyԃ
proclaim,prćαr
producer,nirmαтα
profound,gɦrα
progress,prgтi
prohibit,niseԃh
properly,properly
property,smpттi
proposal,prsтαw
proposed,prsтαwiт
prospect,smbhαwnα
protocol,shistαćαr
provided,provided
provider,prԃαтα
province,prαnт
publicly,publicly
purchase,khriԃnα
quantity,mαтrα
question,swαl
railroad,rel
rational,тrksńgт
reaction,prтikriyα
receiver,receiwer
recently,recently
recovery,wsuli
regional,sheтriy
register,register
regulate,winiymiт
relation,rishтα
relative,rishтeԃαr
relevant,upyukт
reliable,bhrosemnԃ
religion,ԃhrm
remember,remember
reminder,anusmαrk
reporter,riportr
republic,gnтnтr
required,ααwshyk
research,anusnԃhαn
resemble,resemble
resident,niwαsi
resource,snsαԃhn
response,prтikriyα
restrict,restrict
retailer,retailer
rhetoric,wkrptuтα
romantic,romantic
sanction,prтibnԃh
sandwich,seindwić
scenario,priԃrishy
schedule,anusući
scramble,sńghrs
security,surksα
selected,ćyniт
sentence,wαky
separate,alg
sequence,anukrm
severely,severely
sexually,yon
shooting,shutińg
shopping,khriԃαri
shortage,kmi
shoulder,knԃhα
sidewalk,futpαтh
slightly,тhodα
socially,socially
software,softweyr
solution,smαԃhαn
somebody,somebody
sometime,sometime
somewhat,somewhat
southern,ԃksin
specific,wishist
spectrum,spektrm
spending,khrć
sprinkle,sprinkle
standard,mαnk
standing,standing
starting,prαrmbh
steadily,steadily
stimulus,proтsαɦn
straight,siԃhα
stranger,aznbi
strategy,rnniтi
strength,тαkт
strictly,strictly
striking,prɦαr
strongly,strongly
struggle,sńghrs
suburban,upngriy
suddenly,aćαnk
suitable,upyukт
sunlight,sunlight
superior,beɦтr
supplier,supplier
supposed,klpiт
surprise,ααshćry
surround,surround
survival,uттrziwiтα
survivor,uттrziwi
swimming,тeirnα
symbolic,prтikαтmk
sympathy,sɦαnubhuтi
syndrome,sindrom
talented,prтibhαshαli
taxpayer,krԃαтα
teaching,shiksn
teammate,timmαit
teaspoon,teaspoon
teenager,kishor
tendency,prwriттi
terrible,bhyαnk
terribly,bɦuт
terrific,terrific
textbook,pαthypusтk
theology,ԃhrmshαsr
thinking,soć
thousand,ɦzαr
threaten,threaten
together,together
tolerate,tolerate
tomorrow,kl
training,prshiksn
transfer,sтhαnαnтrn
transmit,sćαriт
traveler,yαтri
treasure,khzαnα
tropical,usnktibnԃhiy
troubled,preshαn
ultimate,anтim
universe,brɦmαnd
unlikely,unlikely
upstairs,upr
vacation,chutti
validity,weiԃhтα
valuable,kimтi
variable,ćr
vertical,khdα
violence,ɦinsα
weakness,kmzori
whatever,whatever
whenever,whenever
wherever,wherever
wildlife,wildlife
withdraw,nikαlnα
workshop,kαryshαlα
yourself,yourself
accompany,sαтh
according,anusαr
admission,prwesh
advantage,fαyԃα
adventure,adventure
aesthetic,aesthetic
afternoon,ԃopɦr
afterward,afterward
agreement,smzhoтα
allegedly,allegedly
alongside,alongside
ambitious,mɦтwαkαńksi
amendment,snshoԃhn
anonymous,gumnαm
apartment,apαrtment
apologize,apologize
architect,wαsтukαr
assistant,sɦαyk
associate,associate
attention,ԃhyαn
attribute,gun
authority,aԃhikαr
authorize,aԃhikriт
automatic,swćαliт
available,uplbԃh
awareness,zαgrukтα
basically,basically
beautiful,sunԃr
beginning,shuruαт
biography,ziwni
boyfriend,ԃosт
breakfast,nαshтα
breathing,breathing
brilliant,shαnԃαr
broadcast,prsαrn
butterfly,тiтli
calculate,calculate
candidate,ummiԃwαr
carefully,carefully
celebrate,celebrate
celebrity,celebrity
certainly,certainly
challenge,ćunoтi
character,ćriтr
chemistry,chemistry
childhood,bćpn
chocolate,ćoklet
christian,isαi
christmas,krisms
cigarette,sigret
classical,klαsik
classroom,kksα
coalition,gthbnԃhn
cognitive,sńgyαnαтmk
colleague,sɦkrmi
collector,collector
columnist,sтmbhkαr
commander,kmαndr
committee,smiтi
commodity,mαl
community,smuԃαy
companion,sαтhi
complaint,shikαyт
component,awyw
concerned,smbnԃhiт
condition,sтhiтi
confident,ααтmwishwαsi
confusion,bhrm
conscious,sćeт
consensus,srwsmmтi
construct,construct
container,container
continent,mɦαԃwip
continued,zαri
convinced,kαyl
cooperate,sɦyog
corporate,nigmiт
correctly,correctly
counselor,kαunslr
courtroom,aԃαlт
criticism,ααloćnα
criticize,criticize
curiosity,zigyαsα
currently,currently
dangerous,khтrnαk
defendant,prтiwαԃi
defensive,bćαw
democracy,przαтnтr
departure,prsтhαn
dependent,ααshriт
depending,depending
depressed,awsαԃgrsт
desperate,nirαsh
detective,zαsusi
determine,thαnnα
developer,dewlpr
diagnosis,niԃαn
different,alg
difficult,kthin
dimension,ααyαm
direction,ԃishα
disappear,gαyb
discourse,prwćn
discovery,khoz
diversity,wiwiԃhтα
economics,arтhshαsтr
economist,arтhshαsтri
ecosystem,ecosystem
education,shiksα
effective,asrԃαr
efficient,kushl
elaborate,elaborate
eliminate,ɦtαnα
elsewhere,kɦi
emergency,ααpαтkαl
emotional,bhαwnαтmk
emphasize,emphasize
encounter,encounter
encourage,encourage
equipment,upkrn
essential,ααwshyk
establish,establish
estimated,anumαniт
everybody,everybody
evolution,wikαs
excellent,uтkrist
exception,apwαԃ
excessive,aтyԃhik
exclusive,anny
execution,kαryαnwyn
executive,kαrykαrini
existence,asтiтw
expansion,wisтαr
expensive,mɦńgα
expertise,wishesgyтα
explosion,wisfot
extension,wisтαr
extensive,wyαpk
extremely,aтynт
fantastic,zbrԃsт
favorable,anukul
financial,wiттiy
fisherman,mchuα
following,agle
foreigner,prԃeshi
formation,gthn
framework,ruprekhα
franchise,mтαԃhikαr
frequency,ααwriттi
frustrate,ɦтαsh
full-time,full-time
furniture,frnićr
gathering,sbhα
generally,generally
gentleman,szzn
gradually,ԃhire-ԃhire
guarantee,gαrnti
guideline,ԃishαnirԃesh
happiness,khushi
high-tech,high-tech
highlight,highlight
historian,iтiɦαskαr
hopefully,hopefully
household,priwαr
hurricane,ćkrwαт
identical,smαn
immediate,тurnт
immigrant,ααprwαsi
implement,implement
important,mɦтwpurn
incentive,proтsαɦn
including,shαmil
increased,increased
indicator,sućk
infection,sńkrmn
inflation,inflation
influence,prbhαw
initially,initially
inspector,inspektr
instantly,тurnт
insurance,bimα
integrate,integrate
integrity,akhndтα
intensity,тiwrтα
intention,irαԃα
interfere,ɦsтksep
interpret,wyαkhyα
interrupt,interrupt
interview,sαksαтkαr
introduce,introduce
invention,ααwiskαr
inventory,bhndαr
invisible,aԃrishy
isolation,ekαnт
knowledge,gyαn
landscape,priԃrishy
liability,ԃeyтα
lifestyle,lifestyle
lightning,lightning
literally,aksrsha
long-term,ԃirghkαlik
magnitude,primαn
marketing,wipnn
meanwhile,meanwhile
mechanism,тnтr
migration,prwαs
mortality,mortality
municipal,ngrpαlikα
narrative,ααkhyαn
naturally,naturally
necessary,zruri
necessity,zrurт
negotiate,negotiate
newspaper,akhbαr
nightmare,nightmare
nonprofit,geir-lαbhkαri
northeast,northeast
northwest,uттrpshćim
objection,ααpттi
objective,uԃԃeshy
obviously,obviously
offensive,apriy
one-third,one-third
operating,ααpretińg
operation,sćαln
organized,sńgthiт
otherwise,anyтhα
ourselves,ourselves
overnight,overnight
overwhelm,dub
ownership,swαmiтw
partially,partially
passenger,yαтri
perceived,perceived
perfectly,perfectly
performer,abhineтα
permanent,sтhαyi
personnel,kαrmik
physician,ćikiтsk
placement,plesment
policeman,puliskrmi
political,rαzniтik
pollution,prԃusn
portfolio,portfoliyo
potential,smbhαwnα
practical,wyαwɦαrik
precisely,precisely
pregnancy,grbhαwsтhα
president,aԃhyks
primarily,primarily
principal,prԃhαnαćαry
principle,siԃԃhαnт
privately,privately
privilege,wishesαԃhikαr
procedure,prkriyα
processor,prosesr
professor,profesr
prominent,prmukh
promising,promising
promotion,pԃonnтi
provision,prαwԃhαn
publicity,prćαr
publisher,prkαshk
radiation,wikirn
realistic,yтhαrтhwαԃi
reception,swαgт
recession,mnԃi
recipient,prαpтkrтα
recognize,pɦćαnnα
recommend,recommend
recording,rikordińg
reduction,kmi
reference,snԃrbh
regarding,regarding
regularly,regularly
regulator,niyαmk
reinforce,suԃridh
religious,ԃhαrmik
reluctant,anićchuk
remaining,shes
reporting,riportińg
represent,represent
residence,residence
routinely,routinely
sacrifice,sacrifice
satellite,upgrɦ
scientist,weigyαnik
screening,skrinińg
sculpture,murтi
secondary,mαԃhymik
secretary,sćiw
seemingly,seemingly
selection,ćyn
sensation,snsni
sensitive,snweԃnshil
sentiment,bhαw
seriously,seriously
sexuality,kαmukтα
signature,ɦsтαksr
similarly,similarly
situation,prisтhiтi
so-called,ттhαkтhiт
something,kuch
sometimes,kbhi-kbhi
somewhere,kɦi
southeast,southeast
southwest,southwest
specialty,speshliti
speculate,atkle
spiritual,ααԃhyαтmik
spokesman,prwkтα
stability,sтhirтα
statement,kтhn
stimulate,uksαnα
strategic,rnniтik
structure,snrćnα
substance,pԃαrтh
suffering,kst
supporter,smrтhk
surprised,ɦeirαn
suspicion,snԃeɦ
technical,тkniki
technique,тknik
telephone,telifon
telescope,ԃurbin
temporary,asтhαyi
territory,ilαkα
terrorism,ααтńk
terrorist,ααтńkwαԃi
testimony,gwαɦi
therapist,ćikiтsk
therefore,islie
threshold,simα
tolerance,sɦnshilтα
touchdown,tćdαun
tradition,prmprα
transform,priwrтn
translate,anuwαԃ
transport,priwɦn
treatment,ilαz
twentieth,twentieтh
typically,typically
uncertain,dhulmul
undermine,kmzor
undertake,undertake
universal,sαrwbhomik
variation,uтαr-ćdhαw
vegetable,sbzi
violation,ullńghn
virtually,virtually
voluntary,sweićchik
volunteer,swynsewk
warehouse,goԃαm
wonderful,ααshćryznk
workplace,kαrysтhl
worldwide,worldwide
yesterday,kl
youngster,nozwαn
absolutely,bilkul
accelerate,accelerate
acceptable,swikαry
acceptance,swikαr
accessible,accessible
accomplish,accomplish
accounting,lekhαńkn
accurately,accurately
accusation,ααrop
additional,aтirikт
adjustment,smαyozn
administer,prshαsn
adolescent,kishor
aggression,ααkrmn
aggressive,ααkrαmk
allegation,ααrop
altogether,altogether
ambassador,rαzԃuт
anticipate,anticipate
apparently,apparently
appearance,upsтhiтi
appreciate,appreciate
articulate,mukhr
artificial,kriтrim
assessment,ααkln
assignment,kαrybhαr
assistance,sɦαyтα
associated,smbnԃhiт
assumption,mαnyтα
astronomer,astronomer
atmosphere,wαyumndl
attendance,upsтhiтi
attraction,ααkrsn
attractive,ααkrsk
automobile,ααtomobαil
background,pristhbhumi
bankruptcy,ԃiwαliyαpn
basketball,bαsketbαl
behavioral,wywɦαr
biological,zeiwik
capability,shmтα
collection,sńgrɦ
collective,sαmuɦik
commercial,wyαwsαyik
commission,ααyog
commitment,prтibԃԃhтα
comparable,тulniy
comparison,тulnα
compelling,smmoɦk
competitor,prтisprԃhi
completely,completely
complexity,ztilтα
compliance,anupαln
compromise,smzhoтα
conception,ԃhαrnα
concerning,concerning
conclusion,niskrs
conference,smmeln
confession,swikαrokтi
confidence,ααтmwishwαs
connection,knekshn
conscience,conscience
consistent,susńgт
conspiracy,sdynтr
constantly,nirnтr
constitute,constitute
constraint,bαԃhα
consultant,slαɦkαr
continuing,continuińg
continuous,nirnтr
contractor,thekeԃαr
contribute,contribute
convention,smmeln
conversion,priwrтn
conviction,conviction
coordinate,koαrdinet
corruption,bhrstαćαr
counseling,kαunslińg
creativity,rćnαтmkтα
curriculum,pαthykrm
definitely,definitely
definition,pribhαsα
democratic,lokтαnтrik
department,wibhαg
depression,awsαԃ
developing,wikαsshil
difference,anтr
difficulty,kthinαi
diplomatic,kutniтik
disability,wiklαńgтα
discipline,anushαsn
discourage,discourage
discussion,bɦs
distribute,distribute
disturbing,preshαn
earthquake,bhukmp
ecological,pαrisтhiтik
efficiency,shmтα
electrical,wiԃyuтiy
electronic,ilektronik
elementary,prαтhmik
employment,rozgαr
engagement,sgαi
enterprise,uԃym
enthusiasm,uтsαɦ
equivalent,smkks
especially,especially
evaluation,mulyαńkn
eventually,anттa
everything,everything
everywhere,everywhere
excitement,uттeznα
exhibition,prԃrshni
expedition,abhiyαn
experience,anubhw
experiment,pryog
expression,abhiwykтi
facilitate,facilitate
foundation,ninw
frequently,bαr-bαr
friendship,ԃosтi
functional,kαryαтmk
generation,pidhi
girlfriend,ԃosт
government,srkαr
graduation,snαтk
grandchild,poтα
harassment,uтpidn
helicopter,ɦelikαptr
historical,eтiɦαsik
hypothesis,priklpnα
illustrate,illustrate
importance,mɦттw
impossible,asmbhw
impression,prbhαw
impressive,prbhαwshαli
increasing,increasing
incredible,awishwsniy
incredibly,incredibly
indication,sńkeт
indigenous,swԃeshi
individual,wykтi
industrial,oԃyogik
inevitable,aniwαry
inevitably,inevitably
ingredient,ińgredient
initiative,pɦl
innovation,nwαćαr
innovative,abhinw
inspection,niriksn
instructor,prshiksk
instrument,ynтr
integrated,ekikriт
interested,ićchuk
investment,niwesh
invitation,ααmnтrn
ironically,ironically
journalism,pтrkαriтα
journalist,pтrkαr
laboratory,pryogshαlα
leadership,neтriтw
legislator,wiԃhαyk
legitimate,weiԃh
likelihood,smbhαwnα
limitation,prisimn
literature,sαɦiтy
mainstream,mainstream
management,prbnԃh
manipulate,manipulate
meaningful,sαrтhk
mechanical,yαnтrik
medication,ԃwαi
membership,sԃsyтα
missionary,mishnri
motivation,prernα
mysterious,rɦsymy
nationwide,rαstrwyαpi
nomination,nαmαńkn
obligation,ԃαyiтw
occasional,prαsńgik
occupation,peshα
officially,officially
opposition,wiroԃh
optimistic,ααshαwαԃi
originally,originally
particular,wishist
percentage,percentage
perception,ԃhαrnα
permission,anumтi
personally,personally
phenomenon,ghtnα
philosophy,ԃrshn
photograph,foto
physically,physically
politician,rαzniтik
popularity,lokpriyтα
population,znsńkhyα
possession,kbzα
prediction,bhwisywαni
preference,wriyтα
presidency,presidensi
presumably,shαyԃ
prevention,rokтhαm
previously,previously
processing,prsnskrn
production,uтpαԃn
productive,uтpαԃk
profession,peshα
projection,anumαn
proportion,anupαт
prosecutor,abhiyokтα
protection,surksα
protective,rksαтmk
psychology,mnowigyαn
punishment,ԃnd
reasonable,ućiт
reflection,prтibimb
regardless,regardless
regulation,winiymn
regulatory,niyαmk
relatively,apeksαkriт
remarkable,wilksn
repeatedly,repeatedly
reportedly,reportedly
republican,ripblikn
reputation,prтisthα
researcher,shoԃhkrтα
resistance,prтiroԃh
resolution,sńklp
respondent,uттrԃαтα
restaurant,restorent
retirement,niwriттi
revelation,rɦsyoԃghαtn
revolution,krαnтi
ridiculous,ɦαsyαspԃ
scientific,weigyαnik
separation,priтhkkrn
settlement,bsтi
short-term,short-term
similarity,smαnтα
specialist,specialist
specialize,wishesgy
statistics,ααńkde
straighten,siԃhα
strengthen,strengthen
structural,snrćnαтmk
subsequent,subsequent
successful,sfl
sufficient,pryαpт
suggestion,suzhαw
supervisor,pryweksk
supportive,sɦαyk
supposedly,supposedly
surprising,surprising
suspicious,snԃigԃh
tablespoon,tablespoon
technician,тknishiyn
technology,тkniki
television,teliwizn
themselves,khuԃ
thoroughly,thoroughly
throughout,lgαтαr
tournament,turnαment
transition,sńkrmn
tremendous,aԃbhuт
two-thirds,two-thirds
ultimately,ultimately
underlying,ααԃhαrbhuт
understand,smzhnα
unexpected,aprтyαshiт
university,wishwwiԃyαly
vulnerable,asurksiт
well-being,klyαn
well-known,well-known
wheelchair,wɦilćeyr
widespread,widespread
wilderness,zńgl
withdrawal,nikαsi
accommodate,accommodate
achievement,uplbԃhi
acknowledge,acknowledge
acquisition,aԃhigrɦn
advertising,advertising
agriculture,krisi
alternative,wiklp
anniversary,sαlgirɦ
application,ααweԃn
appointment,niyukтi
appropriate,upyukт
arrangement,wywsтhα
association,sńgthn
businessman,wywsαyi
calculation,gnnα
celebration,uтsw
cholesterol,kolestrol
citizenship,sitiznship
combination,snyozn
comfortable,ααrαmԃαyk
communicate,communicate
competition,prтiyogiтα
competitive,prтisprԃhi
complicated,complicated
composition,sńghtn
concentrate,concentrate
consecutive,lgαтαr
consequence,prinαm
consumption,upbhog
contemplate,mnn
contributor,yogԃαnkrтα
controversy,wiwαԃ
convenience,suwiԃhα
cooperation,sɦyog
cooperative,ko-ααpretiw
coordinator,smnwyk
corporation,nigm
correlation,correlation
counterpart,smkks
credibility,sαkh
demographic,znsαńkhyikiy
demonstrate,ԃikhαnα
description,wiwrn
desperately,skhт
destination,gnтwy
destruction,winαsh
devastating,bhyαnk
development,wikαs
differently,differently
distinction,bheԃ
distinctive,wishes
distinguish,distinguish
documentary,wriттćiтr
educational,shiksαтmk
effectively,effectively
electricity,bizli
electronics,ilektrαniks
embarrassed,shrminԃα
emotionally,emotionally
encouraging,uтsαɦwrԃhk
enforcement,prwrтn
engineering,inziniyrińg
environment,pryαwrn
essentially,essentially
examination,priksα
exclusively,kewl
expectation,apeksα
experienced,anubhwi
explanation,spstikrn
exploration,anwesn
fascinating,ααkrsk
flexibility,flexibility
fortunately,fortunately
frustration,nirαshα
fundamental,molik
furthermore,ααge
grandfather,ԃαԃα
grandmother,ԃαԃi
grandparent,ԃαԃα-ԃαԃi
health-care,health-care
ideological,wićαrԃhαrα
imagination,klpnα
immediately,тurnт
immigration,aprwαsn
implication,asra
importantly,importantly
improvement,suԃhαr
incorporate,shαmil
independent,swтnтr
influential,prbhαwshαli
information,zαnkαri
inspiration,prernα
institution,snsтhα
instruction,anuԃesh
integration,ekikrn
intelligent,buԃԃhimαn
interaction,intreikshn
interesting,ԃilćsp
investigate,investigate
involvement,bhαgiԃαri
legislation,wiԃhαn
legislative,wiԃhαyi
legislature,legislature
maintenance,rkhrkhαw
marketplace,bαzαr
mathematics,mathematics
measurement,mαp
necessarily,necessarily
negotiation,bαтćiт
neighboring,pdosi
nonetheless,bɦrɦαl
observation,awlokn
opportunity,awsr
orientation,abhiwinyαs
outstanding,asαԃhαrn
palestinian,filisтini
participant,prтibhαgi
participate,participate
partnership,sαzheԃαri
performance,prԃrshn
personality,wykтiтw
perspective,pripreksy
photography,fotogrαfi
politically,rαzniтik
possibility,smbhαwnα
potentially,smbhαwiт
practically,practically
preliminary,prαrmbhik
preparation,тeiyαri
programming,progrαmińg
progressive,prgтishil
prosecution,prosecution
publication,prkαshn
quarterback,kwαrtrbeik
recognition,mαnyтα
reliability,wishwsniyтα
replacement,prтisтhαpn
requirement,mαńg
reservation,ααrksn
residential,ααwαsiy
responsible,zimmeԃαr
restriction,prтibnԃh
scholarship,chαтrwriттi
self-esteem,swαbhimαn
sensitivity,snweԃnshilтα
shareholder,sheyrԃhαrk
significant,mɦтwpurn
sovereignty,smprbhuтα
spectacular,ԃrshniy
speculation,anumαn
statistical,sαńkhyikiy
substantial,snтosznk
supermarket,suprmαrket
surrounding,surrounding
sustainable,tikαu
temperature,тαpmαn
theological,ulemαo
theoretical,seiԃԃhαnтik
traditional,prmprαgт
transaction,len-ԃen
translation,anuwαԃ
uncertainty,anishćiттα
willingness,ićchα
agricultural,krisi
announcement,ghosnα
appreciation,prshnsα
architecture,wαsтuklα
availability,uplbԃhтα
carbohydrate,kαrboɦαidret
championship,ćeimpiynship
characterize,characterize
christianity,christianity
circumstance,prisтhiтi
civilization,sbhyтα
commissioner,ααyukт
compensation,muαwzα
consequently,flswrup
conservation,snrksn
conservative,rudhiwαԃi
considerable,wićαrniy
considerably,kαfi
consistently,lgαтαr
constitution,snwiԃhαn
construction,nirmαn
contemporary,smkαlin
contribution,yogԃαn
conventional,pαrmprik
conversation,bαтćiт
deliberately,zαn-buzhkr
disappointed,nirαsh
distribution,wiтrn
dramatically,dramatically
economically,ααrтhik
entrepreneur,uԃymi
experimental,pryogαтmk
headquarters,mukhyαly
historically,eтiɦαsik
increasingly,тezi
independence,swтnтrтα
installation,instαleshn
intellectual,boԃԃhik
intelligence,buԃԃhimттα
intervention,ɦsтksep
introduction,prićy
investigator,anwesk
jurisdiction,sheтrαԃhikαr
manufacturer,uтpαԃk
metropolitan,mɦαngr
neighborhood,ados-pdos
nevertheless,nevertheless
occasionally,kbhi-kbhi
organization,sńgthn
overwhelming,overwhelming
particularly,particularly
photographer,fotogrαfr
practitioner,wywsαyi
prescription,nuskhα
presentation,prsтuтi
presidential,aԃhyksiy
productivity,uтpαԃkтα
professional,peshewr
psychologist,mnowigyαni
refrigerator,refrizretr
relationship,smbnԃh
respectively,krmsh:
satisfaction,snтusti
significance,mɦтw
specifically,specifically
successfully,sflтαpurwk
surprisingly,surprisingly
surveillance,nigrαni
thanksgiving,thanksgiving
transmission,sćrn
unemployment,berozgαri
administrator,prshαsk
approximately,lgbhg
automatically,automatically
collaboration,sɦyog
communication,sćαr
comprehensive,wisтriт
concentration,ekαgrтα
confrontation,ααmnα-sαmnα
congressional,kαńgres
consciousness,ćeтnα
consideration,soć-wićαr
controversial,wiwαԃiт
correspondent,snwαԃԃαтα
demonstration,prԃrshn
determination,determination
developmental,developmental
effectiveness,prbhαwshilтα
entertainment,mnornzn
environmental,pryαwrn
establishment,sтhαpnα
extraordinary,asαԃhαrn
institutional,snsтhαgт
instructional,anuԃeshαтmk
international,anтrrαstriy
investigation,investigation
manufacturing,uтpαԃn
old-fashioned,old-fashioned
participation,participation
philosophical,ԃαrshnik
psychological,mnoweigyαnik
questionnaire,prshnαwli
revolutionary,krαnтikαri
significantly,kαfi
sophisticated,ztil
substantially,substantially
technological,тkniki
traditionally,traditionally
uncomfortable,asuwiԃhαznk
undergraduate,awr
understanding,smzh
unfortunately,unfortunately
unprecedented,abhuтpurw
accomplishment,uplbԃhi
accountability,zwαbԃeɦi
administration,prshαsn
administrative,prshαsnik
characteristic,wishesтα
constitutional,snweiԃhαnik
disappointment,nirαshα
discrimination,bheԃbhαw
identification,pɦćαn
implementation,kαryαnwyn
infrastructure,infrastructure
interpretation,wyαkhyα
organizational,sńgthnαтmk
recommendation,sifαrish
rehabilitation,punrwαs
representation,prтiniԃhiтw
representative,prтiniԃhi
responsibility,zimmeԃαri
simultaneously,simultaneously
transformation,priwrтn
transportation,priwɦn